Gender,Married,Dependents,Education,Self_Employed,ApplicantIncome,CoapplicantIncome,LoanAmount,Loan_Amount_Term,Credit_History,Property_Area,Loan_Status
Male,No,2,Not Graduate,No,3470,4188,53,360,1.0,Urban,1
Female,Yes,3+,Not Graduate,Yes,7306,2477,450,60,1.0,Semiurban,1
Male,Yes,1,Not Graduate,Yes,7642,4749,181,60,1.0,Semiurban,1
Male,Yes,3+,Not Graduate,Yes,4319,3505,476,180,0.0,Semiurban,0
Male,Yes,3+,Graduate,No,1864,3475,267,180,1.0,Rural,1
Female,Yes,2,Graduate,No,5758,4529,309,360,1.0,Rural,1
Male,No,3+,Not Graduate,No,4619,1135,50,60,1.0,Rural,1
Male,Yes,2,Graduate,No,3363,4000,120,180,1.0,Rural,1
Male,No,0,Not Graduate,No,1615,374,227,120,1.0,Semiurban,1
Female,No,0,Graduate,No,8584,206,238,120,1.0,Rural,1
Male,Yes,2,Not Graduate,No,9516,4875,340,60,1.0,Rural,1
Male,Yes,0,Not Graduate,Yes,3884,1319,57,180,1.0,Rural,1
Male,No,1,Graduate,No,5435,1141,302,360,1.0,Rural,1
Male,Yes,3+,Graduate,Yes,9242,4627,457,360,1.0,Urban,1
Female,Yes,1,Not Graduate,Yes,6942,2690,341,360,1.0,Semiurban,1
Male,No,3+,Not Graduate,No,3990,3255,483,120,1.0,Semiurban,0
Female,No,0,Graduate,No,8480,89,293,180,1.0,Rural,1
Female,Yes,1,Graduate,Yes,9161,4108,172,180,1.0,Urban,1
Female,No,0,Not Graduate,Yes,3224,3020,348,120,1.0,Semiurban,0
Male,Yes,3+,Graduate,No,9682,1857,332,360,0.0,Semiurban,0
Female,Yes,2,Not Graduate,No,4267,804,81,360,0.0,Rural,0
Male,Yes,2,Not Graduate,Yes,2637,944,383,60,1.0,Rural,0
Female,No,1,Not Graduate,No,5617,2789,426,84,1.0,Semiurban,1
Female,No,0,Not Graduate,No,4920,3875,195,180,1.0,Semiurban,1
Female,No,0,Graduate,No,7345,1610,205,180,0.0,Urban,0
Female,No,1,Graduate,Yes,6278,2923,462,180,1.0,Semiurban,1
Female,No,2,Graduate,Yes,5406,3882,65,84,1.0,Semiurban,1
Female,Yes,3+,Graduate,Yes,5137,3221,404,60,1.0,Rural,1
Female,Yes,1,Graduate,No,4453,4391,96,84,1.0,Semiurban,1
Female,Yes,3+,Graduate,No,7429,4735,300,360,0.0,Rural,0
Male,Yes,2,Graduate,Yes,1776,2387,236,360,1.0,Semiurban,1
Male,No,0,Not Graduate,Yes,3499,4723,80,180,1.0,Semiurban,1
Female,Yes,2,Graduate,Yes,2727,941,309,120,0.0,Semiurban,0
Female,No,1,Graduate,No,7837,4925,470,180,1.0,Urban,1
Female,Yes,0,Not Graduate,Yes,5235,2566,66,120,1.0,Rural,1
Male,No,1,Graduate,Yes,2195,975,88,84,1.0,Urban,1
Female,No,1,Graduate,No,5652,954,353,360,0.0,Semiurban,0
Male,Yes,2,Not Graduate,No,9401,1262,479,120,1.0,Urban,1
Male,Yes,1,Graduate,No,8970,943,481,84,1.0,Rural,1
Male,Yes,2,Graduate,Yes,9037,2202,88,360,1.0,Semiurban,1
Male,Yes,0,Graduate,No,4341,3327,181,120,1.0,Urban,1
Male,No,2,Not Graduate,No,5708,4274,79,180,1.0,Urban,1
Female,Yes,0,Graduate,Yes,2588,2259,207,180,1.0,Rural,1
Female,Yes,2,Graduate,No,4863,1828,327,180,1.0,Urban,1
Female,No,3+,Not Graduate,Yes,1524,1257,252,84,0.0,Rural,0
Female,Yes,3+,Graduate,Yes,7644,464,115,180,1.0,Semiurban,1
Female,Yes,1,Not Graduate,No,7168,3294,157,60,1.0,Semiurban,1
Male,Yes,2,Not Graduate,No,5736,1230,317,360,1.0,Urban,1
Female,Yes,2,Graduate,No,9568,2654,271,84,1.0,Semiurban,1
Female,Yes,0,Not Graduate,No,3735,884,341,180,0.0,Semiurban,0
Male,No,1,Not Graduate,No,8795,3805,67,360,1.0,Urban,1
Female,Yes,2,Graduate,No,9892,3856,139,120,1.0,Semiurban,1
Male,Yes,1,Not Graduate,Yes,9948,3135,230,180,1.0,Urban,1
Female,Yes,3+,Not Graduate,Yes,5247,924,304,360,1.0,Rural,1
Male,Yes,2,Graduate,No,4675,4589,302,60,1.0,Rural,1
Female,Yes,2,Graduate,Yes,6397,1546,306,120,1.0,Rural,1
Female,No,1,Graduate,No,6537,1094,432,60,1.0,Urban,1
Male,Yes,2,Not Graduate,Yes,8927,2411,491,360,1.0,Urban,1
Male,No,1,Graduate,Yes,3514,2617,395,60,1.0,Semiurban,1
Male,No,2,Not Graduate,Yes,2881,762,136,360,1.0,Semiurban,1
Male,Yes,0,Not Graduate,No,2598,2323,139,360,0.0,Semiurban,0
Male,Yes,1,Not Graduate,Yes,4926,4145,286,60,1.0,Semiurban,1
Male,Yes,2,Not Graduate,No,5155,2775,439,360,1.0,Semiurban,0
Male,Yes,3+,Not Graduate,Yes,9438,4659,119,180,1.0,Urban,1
Male,No,2,Not Graduate,Yes,1687,4878,93,360,1.0,Urban,1
Female,Yes,3+,Not Graduate,Yes,6909,3155,249,84,1.0,Rural,1
Female,Yes,3+,Graduate,Yes,3592,3970,201,360,0.0,Rural,0
Male,Yes,0,Graduate,Yes,3630,2040,135,84,1.0,Rural,1
Female,Yes,1,Not Graduate,No,6742,583,68,360,0.0,Rural,0
Female,Yes,2,Not Graduate,No,7147,4331,150,360,1.0,Urban,1
Female,Yes,0,Graduate,Yes,6685,2103,451,60,1.0,Urban,1
Female,No,2,Not Graduate,Yes,7276,1942,144,180,0.0,Urban,0
Male,No,3+,Graduate,Yes,9413,4455,303,180,1.0,Semiurban,1
Female,Yes,1,Graduate,Yes,9047,109,406,120,0.0,Semiurban,0
Male,Yes,2,Graduate,No,9323,191,79,60,1.0,Rural,1
Female,Yes,2,Not Graduate,Yes,8855,903,298,60,0.0,Semiurban,0
Female,No,3+,Not Graduate,No,7965,861,475,180,1.0,Urban,1
Female,Yes,2,Graduate,Yes,2997,1083,82,60,1.0,Rural,1
Male,No,2,Graduate,No,4055,649,278,180,1.0,Rural,1
Female,Yes,3+,Graduate,Yes,6909,4134,61,60,1.0,Semiurban,1
Male,Yes,0,Graduate,Yes,4451,3611,167,360,1.0,Rural,1
Female,Yes,3+,Graduate,No,2738,636,399,180,1.0,Semiurban,0
Male,Yes,0,Not Graduate,Yes,6227,1036,204,180,1.0,Semiurban,1
Female,No,1,Graduate,Yes,5465,4131,472,84,1.0,Rural,1
Male,No,0,Not Graduate,Yes,7186,2148,442,60,1.0,Semiurban,1
Male,Yes,0,Graduate,No,5201,3865,295,60,1.0,Semiurban,1
Female,Yes,1,Not Graduate,Yes,4280,3157,454,180,1.0,Semiurban,0
Male,No,0,Not Graduate,Yes,8898,3587,381,360,1.0,Semiurban,1
Female,No,3+,Not Graduate,No,3088,3294,296,360,1.0,Rural,1
Female,No,0,Not Graduate,No,3868,4261,78,360,1.0,Urban,1
Female,No,1,Not Graduate,No,7289,2430,210,60,1.0,Urban,1
Female,Yes,3+,Not Graduate,Yes,1936,1879,284,84,0.0,Semiurban,0
Female,No,1,Graduate,Yes,4328,3966,239,180,0.0,Semiurban,0
Female,Yes,1,Not Graduate,Yes,3056,3713,166,120,1.0,Semiurban,1
Female,No,2,Graduate,No,9070,4126,320,84,1.0,Urban,1
Female,No,2,Not Graduate,Yes,8980,4106,307,120,1.0,Semiurban,1
Female,No,1,Not Graduate,Yes,1682,2011,229,84,1.0,Rural,1
Female,No,1,Graduate,No,8690,3373,422,360,1.0,Rural,1
Female,No,1,Not Graduate,No,8187,2143,221,60,1.0,Rural,1
Male,Yes,2,Graduate,No,7065,2500,487,120,1.0,Urban,1
Male,Yes,2,Graduate,No,8741,4581,323,84,1.0,Semiurban,1
Female,No,0,Graduate,No,9151,1289,308,60,1.0,Semiurban,1
Female,No,0,Graduate,Yes,7075,1447,184,120,0.0,Semiurban,0
Female,Yes,1,Not Graduate,No,3089,3199,220,180,1.0,Urban,1
Female,No,3+,Not Graduate,Yes,1659,1943,259,84,0.0,Urban,0
Female,No,3+,Graduate,Yes,8055,3183,285,180,0.0,Urban,0
Female,Yes,2,Not Graduate,No,9744,3216,471,360,1.0,Urban,1
Female,No,2,Not Graduate,No,8346,3136,470,180,1.0,Rural,1
Female,No,2,Graduate,No,3807,3318,235,180,1.0,Urban,1
Male,Yes,1,Not Graduate,Yes,2728,2782,466,84,0.0,Urban,0
Female,Yes,3+,Graduate,No,8726,990,413,360,0.0,Urban,0
Male,Yes,0,Graduate,No,7090,4920,492,180,1.0,Semiurban,1
Female,No,1,Not Graduate,No,8419,2153,144,60,1.0,Semiurban,1
Female,Yes,0,Not Graduate,No,7085,225,427,120,1.0,Semiurban,1
Male,Yes,0,Not Graduate,No,7546,776,60,180,1.0,Rural,1
Female,Yes,1,Graduate,Yes,6445,2837,117,360,1.0,Rural,1
Male,Yes,0,Graduate,Yes,9427,687,428,180,0.0,Urban,0
Female,Yes,3+,Not Graduate,Yes,8516,529,259,120,1.0,Semiurban,1
Female,Yes,0,Not Graduate,No,9258,3442,245,360,1.0,Rural,1
Male,No,3+,Not Graduate,No,6586,2153,418,84,1.0,Semiurban,1
Female,No,3+,Not Graduate,No,8661,1294,147,360,1.0,Rural,1
Male,Yes,3+,Graduate,Yes,3384,1526,142,84,1.0,Rural,1
Female,Yes,2,Not Graduate,No,3309,4774,71,360,1.0,Urban,1
Male,Yes,0,Graduate,No,4667,2896,499,120,0.0,Urban,0
Male,No,1,Graduate,No,7852,3103,221,120,0.0,Rural,0
Female,No,1,Not Graduate,Yes,7556,2440,432,360,1.0,Urban,1
Female,No,0,Not Graduate,No,3937,4135,183,180,0.0,Rural,0
Male,No,2,Not Graduate,Yes,7968,3802,475,120,1.0,Rural,1
Female,No,2,Graduate,No,7451,844,74,84,1.0,Semiurban,1
Female,No,3+,Not Graduate,Yes,6776,446,234,84,1.0,Urban,1
Female,No,0,Not Graduate,Yes,9318,3915,134,60,1.0,Urban,1
Male,No,0,Graduate,Yes,6228,3109,104,84,0.0,Urban,0
Male,No,1,Not Graduate,No,4124,1234,300,60,1.0,Semiurban,1
Male,Yes,0,Graduate,No,7238,226,193,360,1.0,Semiurban,1
Male,Yes,2,Not Graduate,Yes,5732,4143,400,360,1.0,Semiurban,1
Male,Yes,0,Graduate,Yes,7293,2959,447,360,1.0,Urban,1
Male,Yes,1,Not Graduate,No,6023,1830,216,180,1.0,Urban,1
Male,No,3+,Not Graduate,No,7071,3779,461,180,1.0,Urban,1
Male,No,1,Graduate,Yes,3724,186,273,60,1.0,Semiurban,1
Male,Yes,1,Graduate,No,9889,2877,269,84,1.0,Semiurban,1
Female,No,3+,Not Graduate,No,7591,2535,228,84,0.0,Rural,0
Male,Yes,1,Graduate,No,7861,1932,168,360,1.0,Semiurban,1
Female,No,1,Graduate,No,3448,2924,482,120,1.0,Rural,0
Female,Yes,0,Graduate,Yes,8594,848,314,180,1.0,Urban,1
Female,No,0,Graduate,No,7818,2032,491,180,1.0,Semiurban,1
Male,No,3+,Not Graduate,No,5296,1252,478,360,1.0,Urban,0
Male,Yes,0,Not Graduate,Yes,1734,1881,199,180,1.0,Urban,1
Male,No,0,Graduate,Yes,5107,269,465,360,0.0,Urban,0
Male,Yes,1,Graduate,No,9543,1630,264,60,1.0,Urban,1
Female,Yes,2,Graduate,No,2022,4405,246,84,0.0,Semiurban,0
Male,Yes,0,Graduate,No,7404,3203,91,120,0.0,Urban,1
Male,Yes,2,Not Graduate,No,6388,1574,102,84,1.0,Rural,1
Male,No,0,Not Graduate,Yes,7332,2892,492,84,1.0,Semiurban,1
Male,No,0,Graduate,Yes,8622,1695,379,60,1.0,Urban,1
Male,No,3+,Graduate,Yes,7342,3258,300,180,0.0,Semiurban,0
Female,Yes,3+,Graduate,No,2816,3262,344,120,0.0,Rural,0
Male,No,3+,Not Graduate,No,2624,1445,427,180,1.0,Urban,0
Female,Yes,2,Graduate,No,7121,219,320,84,1.0,Rural,1
Male,No,1,Not Graduate,No,6923,52,462,360,1.0,Urban,1
Female,No,0,Graduate,Yes,4087,1757,172,84,0.0,Rural,0
Male,No,0,Not Graduate,Yes,7172,1666,416,180,0.0,Urban,0
Male,Yes,0,Graduate,No,2878,2785,436,84,1.0,Semiurban,0
Female,No,2,Not Graduate,Yes,4874,719,388,360,1.0,Urban,1
Female,No,3+,Graduate,No,3019,405,315,60,1.0,Semiurban,1
Female,Yes,1,Graduate,No,7277,2294,397,180,1.0,Urban,1
Male,No,2,Graduate,Yes,9435,71,78,84,0.0,Urban,1
Female,Yes,3+,Not Graduate,No,7593,2053,84,180,1.0,Rural,1
Male,No,2,Graduate,No,9918,1229,55,60,1.0,Rural,1
Male,Yes,1,Not Graduate,Yes,6855,1567,445,84,1.0,Rural,1
Female,Yes,3+,Not Graduate,No,6468,3682,160,84,0.0,Urban,0
Female,No,2,Graduate,No,7074,2953,343,180,1.0,Urban,1
Male,Yes,1,Graduate,Yes,5572,4482,126,180,1.0,Urban,1
Male,Yes,0,Graduate,No,3757,698,398,360,1.0,Semiurban,1
Female,Yes,1,Not Graduate,Yes,5924,826,196,60,0.0,Semiurban,0
Female,Yes,0,Graduate,No,4737,348,116,360,0.0,Urban,0
Female,Yes,2,Not Graduate,Yes,5393,3908,441,84,1.0,Rural,0
Male,Yes,3+,Not Graduate,Yes,3505,307,57,180,1.0,Rural,1
Male,No,3+,Graduate,Yes,3516,3416,171,84,1.0,Rural,1
Male,Yes,2,Graduate,No,3272,2334,389,84,1.0,Urban,1
Male,Yes,3+,Graduate,Yes,9853,4861,224,120,1.0,Rural,1
Male,No,3+,Graduate,Yes,5476,4820,437,120,0.0,Urban,0
Male,No,0,Graduate,Yes,3251,2809,228,84,1.0,Semiurban,1
Female,No,2,Graduate,Yes,8930,3558,134,180,0.0,Rural,1
Male,No,1,Not Graduate,Yes,8670,4478,94,84,1.0,Semiurban,1
Male,No,0,Not Graduate,No,7969,3477,185,120,1.0,Rural,1
Male,No,2,Not Graduate,No,4720,4620,392,180,1.0,Urban,0
Female,No,0,Graduate,No,2039,2686,65,84,1.0,Urban,1
Male,Yes,1,Not Graduate,No,2961,2985,382,60,1.0,Urban,0
Male,Yes,1,Not Graduate,No,6684,275,244,60,1.0,Urban,1
Female,No,2,Not Graduate,No,1734,2547,58,84,1.0,Rural,1
Male,Yes,1,Not Graduate,No,3048,2764,365,180,1.0,Semiurban,0
Male,Yes,0,Not Graduate,Yes,8980,336,383,84,1.0,Urban,1
Male,Yes,1,Graduate,No,5713,1973,382,84,0.0,Rural,0
Male,No,0,Graduate,Yes,3173,2979,376,120,1.0,Semiurban,1
Male,No,0,Not Graduate,Yes,8208,4576,64,60,0.0,Urban,0
Female,Yes,1,Not Graduate,No,9482,3968,376,120,1.0,Semiurban,1
Female,No,2,Not Graduate,Yes,3600,910,151,120,1.0,Urban,1
Female,Yes,3+,Graduate,Yes,5248,1996,275,84,1.0,Semiurban,1
Male,Yes,1,Graduate,Yes,4673,3129,474,120,0.0,Semiurban,0
Male,Yes,0,Not Graduate,Yes,3315,4204,327,60,1.0,Urban,0
Male,Yes,0,Graduate,No,5341,3757,457,120,1.0,Rural,1
Female,No,1,Graduate,No,9516,327,162,60,1.0,Semiurban,1
Male,No,2,Not Graduate,No,8511,1799,477,120,1.0,Urban,1
Male,No,2,Graduate,No,5993,314,50,60,1.0,Semiurban,1
Female,Yes,0,Graduate,No,2174,3545,315,120,1.0,Semiurban,1
Male,No,0,Not Graduate,No,9588,1134,257,120,1.0,Rural,1
Female,Yes,2,Graduate,No,3658,2746,159,180,0.0,Semiurban,0
Female,No,3+,Graduate,No,4161,4876,249,60,1.0,Semiurban,1
Female,Yes,1,Not Graduate,No,3564,1520,489,60,1.0,Urban,0
Male,Yes,0,Graduate,No,4753,155,418,60,1.0,Urban,1
Male,Yes,0,Graduate,Yes,6479,1724,355,360,1.0,Rural,1
Male,No,2,Not Graduate,No,9203,3343,61,120,1.0,Semiurban,1
Male,No,1,Not Graduate,Yes,2901,886,394,60,1.0,Semiurban,0
Male,No,2,Not Graduate,Yes,4759,3073,237,360,0.0,Semiurban,0
Male,No,1,Graduate,Yes,5423,2805,203,180,0.0,Rural,0
Male,Yes,1,Not Graduate,Yes,5714,721,417,60,0.0,Semiurban,0
Female,No,1,Graduate,No,4727,912,383,60,1.0,Urban,1
Male,No,0,Not Graduate,Yes,4245,3357,474,360,1.0,Rural,0
Female,Yes,3+,Graduate,No,7591,870,469,120,1.0,Urban,1
Male,Yes,2,Not Graduate,No,5366,4108,426,180,1.0,Urban,0
Male,Yes,3+,Not Graduate,Yes,7318,497,328,60,1.0,Rural,1
Male,No,2,Not Graduate,No,3722,1756,220,120,1.0,Urban,1
Female,Yes,1,Not Graduate,Yes,4292,1117,183,180,1.0,Semiurban,1
Female,Yes,0,Graduate,Yes,5563,3409,476,84,1.0,Rural,1
Female,Yes,3+,Not Graduate,No,3024,2828,74,84,1.0,Urban,1
Female,No,0,Not Graduate,No,9724,1647,67,180,1.0,Semiurban,1
Male,Yes,2,Graduate,Yes,7698,2983,239,360,1.0,Semiurban,1
Female,No,0,Not Graduate,No,5525,142,190,180,1.0,Urban,1
Male,No,0,Graduate,No,4066,2761,92,180,1.0,Semiurban,1
Male,Yes,3+,Not Graduate,No,4303,3435,383,360,1.0,Rural,0
Female,Yes,1,Not Graduate,Yes,5209,4660,333,360,0.0,Urban,0
Female,No,0,Not Graduate,Yes,7655,2431,195,120,1.0,Semiurban,1
Female,Yes,1,Graduate,No,2219,4512,364,120,1.0,Semiurban,0
Female,Yes,2,Not Graduate,No,8016,1848,493,360,1.0,Urban,1
Female,No,0,Not Graduate,No,6079,2696,368,84,1.0,Urban,1
Female,No,3+,Not Graduate,No,2472,1717,490,84,0.0,Urban,0
Female,Yes,2,Graduate,No,5218,3072,141,180,1.0,Urban,1
Female,No,2,Graduate,Yes,8895,1067,228,60,1.0,Rural,1
Male,Yes,3+,Not Graduate,No,5902,2786,105,180,0.0,Urban,0
Female,Yes,0,Graduate,Yes,6052,3791,204,180,1.0,Rural,1
Female,Yes,0,Not Graduate,No,3707,1288,209,60,1.0,Rural,1
Male,No,2,Not Graduate,Yes,5926,3871,160,360,1.0,Urban,1
Female,Yes,0,Not Graduate,No,8419,1806,186,84,1.0,Rural,1
Male,Yes,1,Not Graduate,Yes,9886,1504,281,180,1.0,Urban,1
Male,Yes,3+,Not Graduate,No,3704,3308,269,60,1.0,Urban,1
Female,No,1,Not Graduate,Yes,6845,2951,117,120,0.0,Semiurban,0
Male,No,0,Not Graduate,Yes,4776,71,351,180,1.0,Urban,1
Male,No,2,Graduate,Yes,2602,1690,298,84,1.0,Semiurban,1
Male,No,3+,Graduate,Yes,6743,1344,372,360,1.0,Rural,1
Male,No,0,Graduate,Yes,8114,3303,459,180,0.0,Semiurban,0
Female,Yes,0,Graduate,Yes,6723,3113,441,180,0.0,Rural,0
Male,No,2,Graduate,No,2130,882,55,60,1.0,Urban,1
Female,No,2,Graduate,Yes,8183,4234,329,120,1.0,Rural,1
Male,No,1,Graduate,No,1777,2662,481,120,1.0,Rural,0
Male,Yes,3+,Not Graduate,No,1732,1504,143,360,1.0,Urban,1
Male,No,3+,Not Graduate,No,7190,2463,478,84,1.0,Rural,1
Male,No,2,Not Graduate,No,9159,2553,318,360,1.0,Urban,1
Female,Yes,1,Not Graduate,No,1525,732,246,180,1.0,Semiurban,0
Female,No,3+,Graduate,Yes,8968,1748,74,180,0.0,Urban,1
Male,Yes,2,Graduate,Yes,7910,3924,197,120,1.0,Urban,1
Male,Yes,0,Not Graduate,Yes,5264,423,167,84,0.0,Rural,0
Female,Yes,3+,Not Graduate,No,8099,3478,387,60,1.0,Semiurban,1
Male,Yes,1,Graduate,Yes,6602,1591,416,84,1.0,Urban,1
Male,Yes,1,Not Graduate,Yes,8506,4485,387,180,1.0,Semiurban,1
Male,No,1,Not Graduate,Yes,4983,4437,115,60,1.0,Semiurban,1
Female,Yes,0,Not Graduate,Yes,3494,4709,350,84,1.0,Rural,0
Female,Yes,3+,Not Graduate,Yes,2572,492,419,84,1.0,Urban,0
Female,No,3+,Graduate,No,8207,191,224,60,1.0,Rural,1
Male,Yes,0,Not Graduate,Yes,1715,498,368,180,1.0,Urban,0
Male,No,3+,Not Graduate,No,9105,4917,125,84,1.0,Semiurban,1
Female,No,0,Graduate,No,4106,1256,163,60,1.0,Urban,1
Female,No,0,Graduate,No,9850,1968,160,180,1.0,Urban,1
Female,Yes,0,Not Graduate,No,6281,4322,298,60,1.0,Semiurban,1
Female,Yes,1,Graduate,No,4813,2186,488,60,0.0,Semiurban,0
Male,Yes,3+,Not Graduate,Yes,9263,816,252,84,1.0,Urban,1
Female,No,0,Not Graduate,Yes,7439,3220,196,180,1.0,Rural,1
Male,Yes,3+,Graduate,Yes,3795,1473,84,84,1.0,Urban,1
Female,Yes,1,Not Graduate,No,7185,1086,358,360,1.0,Semiurban,1
Male,Yes,0,Not Graduate,Yes,3196,4199,75,360,0.0,Rural,0
Female,No,2,Not Graduate,Yes,3446,1874,287,180,1.0,Semiurban,1
Female,No,1,Not Graduate,No,4283,870,63,60,1.0,Semiurban,1
Female,Yes,2,Graduate,No,5144,4763,423,84,1.0,Rural,1
Female,Yes,3+,Graduate,No,6741,2042,94,84,1.0,Semiurban,1
Male,Yes,3+,Not Graduate,No,7920,272,477,180,0.0,Semiurban,0
Female,Yes,1,Graduate,Yes,9057,1029,265,180,1.0,Semiurban,1
Male,No,3+,Not Graduate,No,4145,3218,282,360,1.0,Semiurban,1
Male,No,2,Not Graduate,No,8089,4069,242,120,1.0,Semiurban,1
Male,No,0,Not Graduate,Yes,7853,1051,100,180,1.0,Semiurban,1
Male,No,0,Not Graduate,Yes,3432,4033,476,120,1.0,Semiurban,0
Female,Yes,0,Not Graduate,No,3257,1573,424,180,1.0,Semiurban,0
Male,Yes,1,Graduate,Yes,6585,3190,263,60,1.0,Semiurban,1
Male,Yes,3+,Not Graduate,No,7137,4388,200,60,0.0,Urban,0
Male,No,2,Graduate,No,2616,3797,489,360,1.0,Urban,0
Female,Yes,3+,Graduate,Yes,1992,3289,324,360,1.0,Semiurban,1
Female,No,3+,Not Graduate,Yes,9388,3747,387,120,1.0,Urban,1
Female,No,3+,Not Graduate,No,7974,2105,125,180,0.0,Rural,0
Female,Yes,0,Not Graduate,No,6458,307,488,84,1.0,Urban,0
Male,Yes,2,Not Graduate,No,4243,3359,269,360,1.0,Semiurban,1
Male,Yes,2,Not Graduate,Yes,9366,3176,397,84,1.0,Semiurban,1
Female,No,3+,Graduate,No,8660,1251,493,84,1.0,Urban,1
Male,Yes,0,Not Graduate,No,6951,2747,236,180,1.0,Semiurban,1
Male,No,0,Not Graduate,No,6758,1517,338,120,1.0,Rural,1
Male,Yes,2,Graduate,No,8686,1378,452,180,1.0,Rural,1
Female,No,0,Graduate,No,7602,4891,77,360,1.0,Semiurban,1
Female,No,0,Not Graduate,Yes,2119,4992,428,84,1.0,Rural,0
Male,Yes,0,Graduate,No,2382,1961,229,180,0.0,Rural,0
Female,No,1,Not Graduate,No,5142,4305,302,180,0.0,Urban,0
Female,No,3+,Graduate,No,2796,2863,175,180,1.0,Rural,1
Female,Yes,2,Graduate,No,9936,2656,226,360,1.0,Urban,1
Female,No,2,Not Graduate,Yes,4395,2494,86,120,1.0,Semiurban,1
Female,Yes,1,Graduate,Yes,8093,4567,459,180,1.0,Urban,1
Male,No,3+,Graduate,Yes,2429,4005,148,360,0.0,Semiurban,0
Female,Yes,2,Graduate,No,6866,3563,147,84,1.0,Semiurban,1
Male,Yes,0,Graduate,No,4712,922,176,60,1.0,Semiurban,1
Male,No,2,Graduate,Yes,3909,4232,217,360,1.0,Semiurban,1
Female,No,0,Graduate,Yes,9699,4462,129,60,1.0,Semiurban,1
Male,No,1,Not Graduate,Yes,4923,2959,343,180,1.0,Urban,1
Male,No,0,Not Graduate,No,8476,183,382,180,1.0,Semiurban,1
Male,No,2,Graduate,No,9094,3358,175,360,1.0,Rural,1
Female,Yes,2,Not Graduate,Yes,6658,1398,392,60,1.0,Rural,1
Female,No,2,Not Graduate,Yes,5167,2796,359,180,1.0,Semiurban,1
Male,Yes,1,Not Graduate,Yes,7473,536,199,84,0.0,Rural,0
Female,Yes,1,Graduate,No,7736,1273,65,120,1.0,Urban,1
Female,No,3+,Not Graduate,No,9777,2967,77,120,0.0,Urban,1
Female,Yes,2,Graduate,No,3968,3049,468,180,1.0,Semiurban,0
Female,Yes,0,Not Graduate,Yes,7717,1096,493,60,1.0,Semiurban,1
Male,Yes,1,Graduate,Yes,5119,1305,222,180,1.0,Semiurban,1
Male,Yes,2,Graduate,No,3136,915,95,60,0.0,Rural,0
Female,No,2,Not Graduate,Yes,9655,3081,377,84,0.0,Rural,0
Female,Yes,1,Not Graduate,No,5083,4247,285,60,1.0,Urban,1
Male,No,3+,Graduate,Yes,5509,1028,488,180,0.0,Rural,0
Male,No,1,Not Graduate,Yes,4826,1977,263,84,0.0,Urban,0
Female,Yes,1,Not Graduate,Yes,9648,3354,134,360,1.0,Rural,1
Male,No,0,Not Graduate,Yes,3717,2511,331,120,1.0,Urban,1
Female,No,0,Graduate,No,6467,270,281,180,0.0,Semiurban,0
Female,No,3+,Graduate,Yes,3869,1186,134,180,0.0,Rural,0
Male,Yes,2,Not Graduate,No,5138,4555,458,180,1.0,Urban,0
Male,No,1,Not Graduate,No,7222,4200,114,84,0.0,Rural,0
Female,No,3+,Not Graduate,No,5944,3764,183,360,1.0,Semiurban,1
Female,No,0,Graduate,Yes,9118,2398,200,60,1.0,Urban,1
Male,Yes,1,Graduate,No,5447,4529,164,360,1.0,Rural,1
Female,No,2,Not Graduate,No,3176,4235,113,84,1.0,Rural,1
Male,Yes,0,Not Graduate,No,2696,4182,392,180,1.0,Semiurban,0
Female,Yes,0,Not Graduate,Yes,4287,1711,476,120,1.0,Semiurban,0
Male,Yes,0,Not Graduate,Yes,8932,2230,412,180,0.0,Urban,0
Male,Yes,3+,Not Graduate,No,9427,128,456,60,1.0,Rural,1
Male,Yes,2,Not Graduate,Yes,4818,1269,401,120,1.0,Rural,0
Female,Yes,1,Graduate,No,8189,3672,207,180,1.0,Semiurban,1
Female,No,3+,Not Graduate,No,3676,1601,126,120,1.0,Semiurban,1
Male,Yes,3+,Graduate,Yes,5243,4765,195,360,0.0,Urban,0
Female,No,3+,Not Graduate,No,5922,3970,392,84,1.0,Rural,1
Male,No,0,Not Graduate,Yes,5324,4244,274,180,0.0,Rural,0
Male,Yes,2,Graduate,Yes,3951,4947,454,60,1.0,Urban,0
Female,No,3+,Graduate,No,2128,627,362,360,1.0,Urban,0
Female,No,1,Graduate,Yes,9278,3797,152,180,1.0,Semiurban,1
Male,No,2,Graduate,Yes,5196,2044,456,360,1.0,Semiurban,1
Female,No,1,Not Graduate,No,5174,3552,396,60,1.0,Urban,1
Female,Yes,2,Graduate,No,5429,4979,350,180,1.0,Urban,1
Male,No,1,Not Graduate,Yes,4265,2341,477,60,1.0,Rural,0
Male,Yes,0,Graduate,Yes,5869,3214,137,120,1.0,Urban,1
Female,No,3+,Not Graduate,No,9807,249,420,60,1.0,Urban,1
Male,No,1,Not Graduate,Yes,6456,2925,352,120,1.0,Rural,1
Male,Yes,2,Not Graduate,Yes,2192,974,217,180,1.0,Urban,1
Female,No,3+,Not Graduate,Yes,4662,1325,484,120,1.0,Semiurban,0
Male,No,3+,Not Graduate,Yes,2605,983,219,180,0.0,Semiurban,0
Male,No,2,Not Graduate,Yes,4508,888,184,180,1.0,Rural,1
Female,Yes,1,Graduate,Yes,3661,2937,99,84,1.0,Urban,1
Female,No,0,Not Graduate,Yes,9845,2117,481,180,0.0,Semiurban,0
Male,Yes,0,Graduate,No,5199,2672,389,120,1.0,Semiurban,1
Male,No,1,Graduate,No,5286,4970,396,84,1.0,Semiurban,1
Female,Yes,3+,Not Graduate,No,5700,1326,183,84,1.0,Semiurban,1
Female,Yes,3+,Graduate,No,3413,470,396,180,1.0,Urban,1
Female,No,3+,Not Graduate,No,7020,1987,186,60,0.0,Urban,0
Female,No,3+,Graduate,Yes,3272,90,294,60,0.0,Urban,0
Male,Yes,1,Not Graduate,Yes,4280,529,158,84,0.0,Urban,0
Female,Yes,3+,Graduate,Yes,8923,4756,362,180,1.0,Semiurban,1
Female,No,2,Not Graduate,Yes,4371,4059,336,60,1.0,Rural,1
Male,Yes,3+,Not Graduate,No,2160,4834,70,180,1.0,Rural,1
Female,No,0,Not Graduate,Yes,7742,2773,139,180,1.0,Semiurban,1
Male,No,3+,Not Graduate,Yes,2632,4967,345,84,1.0,Semiurban,0
Female,No,1,Graduate,No,2199,1686,161,84,1.0,Rural,1
Female,No,0,Not Graduate,Yes,8970,191,350,360,1.0,Rural,1
Female,Yes,1,Graduate,Yes,7797,1986,126,60,1.0,Semiurban,1
Male,No,1,Graduate,No,9312,3623,226,60,0.0,Semiurban,0
Male,Yes,0,Graduate,Yes,6057,2185,392,60,0.0,Urban,0
Female,No,1,Not Graduate,Yes,3679,4440,197,120,1.0,Urban,1
Male,Yes,1,Graduate,Yes,9775,1008,150,180,1.0,Rural,1
Male,No,3+,Graduate,Yes,2922,3783,295,84,1.0,Semiurban,1
Male,Yes,2,Graduate,Yes,4680,4298,166,60,0.0,Rural,0
Male,Yes,1,Not Graduate,No,5816,4668,141,360,1.0,Urban,1
Male,No,1,Not Graduate,No,8196,4287,450,60,1.0,Urban,1
Male,No,1,Graduate,No,2114,2052,77,180,1.0,Rural,1
Female,No,3+,Not Graduate,No,6070,3308,474,180,1.0,Urban,0
Female,No,2,Not Graduate,No,1770,1716,499,84,1.0,Semiurban,0
Male,Yes,0,Graduate,No,3968,310,74,120,1.0,Rural,1
Female,No,3+,Graduate,Yes,5107,4538,107,84,1.0,Semiurban,1
Female,Yes,3+,Not Graduate,No,4575,1260,346,60,1.0,Semiurban,1
Female,Yes,2,Graduate,No,1789,4965,183,360,1.0,Urban,1
Female,No,2,Not Graduate,Yes,9620,3932,380,84,1.0,Semiurban,1
Male,Yes,3+,Not Graduate,Yes,8114,3268,298,120,0.0,Rural,0
Female,Yes,0,Not Graduate,No,4752,584,87,84,1.0,Semiurban,1
Female,Yes,3+,Not Graduate,Yes,8915,2799,439,180,0.0,Semiurban,0
Male,Yes,2,Not Graduate,No,8271,359,478,60,1.0,Semiurban,1
Male,No,0,Not Graduate,Yes,1778,2866,124,60,1.0,Semiurban,1
Female,No,2,Graduate,No,2080,2011,191,60,1.0,Semiurban,1
Female,No,0,Graduate,Yes,6458,4939,371,60,1.0,Urban,1
Female,No,1,Not Graduate,Yes,9945,4006,217,60,1.0,Rural,1
Female,Yes,2,Not Graduate,No,5776,1625,308,60,1.0,Urban,1
Female,Yes,2,Not Graduate,No,9497,2764,422,360,1.0,Rural,1
Female,No,3+,Graduate,No,6276,890,404,120,1.0,Rural,1
Male,No,2,Not Graduate,No,2324,731,274,60,0.0,Rural,0
Female,No,2,Graduate,No,5332,3961,201,120,0.0,Rural,0
Female,Yes,1,Not Graduate,Yes,6945,4701,68,60,1.0,Rural,1
Male,No,2,Not Graduate,No,2880,2504,195,84,0.0,Semiurban,0
Male,No,1,Graduate,No,8034,614,497,60,1.0,Urban,1
Male,No,1,Graduate,Yes,4656,3806,290,180,1.0,Urban,1
Male,Yes,1,Not Graduate,Yes,5807,1719,421,360,0.0,Semiurban,0
Female,Yes,1,Not Graduate,No,7134,4769,430,84,1.0,Rural,1
Female,Yes,0,Not Graduate,Yes,7310,1587,393,84,1.0,Urban,1
Female,Yes,3+,Graduate,Yes,7434,1611,286,180,1.0,Semiurban,1
Female,Yes,0,Graduate,No,4609,896,84,60,0.0,Semiurban,0
Female,Yes,2,Graduate,Yes,5582,277,239,360,0.0,Urban,0
Female,Yes,0,Graduate,Yes,4740,4647,50,84,1.0,Urban,1
Male,Yes,0,Graduate,No,7528,1636,202,360,1.0,Rural,1
Female,No,2,Graduate,No,3349,2158,478,84,1.0,Rural,0
Male,No,2,Not Graduate,Yes,9997,2432,482,60,1.0,Urban,1
Male,Yes,2,Not Graduate,Yes,4249,3904,175,84,1.0,Rural,1
Female,Yes,0,Graduate,No,8180,4856,394,84,1.0,Semiurban,1
Male,No,0,Not Graduate,Yes,1705,3262,449,120,1.0,Rural,0
Female,Yes,2,Not Graduate,Yes,8852,1449,275,60,1.0,Rural,1
Male,Yes,3+,Graduate,Yes,6091,4500,270,180,1.0,Semiurban,1
Female,Yes,3+,Not Graduate,No,4950,1232,452,180,1.0,Rural,0
Male,No,1,Graduate,Yes,8714,4117,456,60,0.0,Semiurban,0
Female,No,2,Graduate,Yes,5311,677,260,180,1.0,Rural,1
Female,No,1,Not Graduate,No,6641,2658,74,60,1.0,Urban,1
Female,No,3+,Graduate,Yes,4208,2028,65,180,1.0,Rural,1
Female,No,1,Graduate,Yes,3491,3758,231,120,1.0,Urban,1
Female,Yes,2,Graduate,No,9963,4624,378,180,1.0,Urban,1
Male,No,2,Graduate,No,4773,2037,178,84,1.0,Urban,1
Male,Yes,2,Graduate,No,6038,2649,91,60,1.0,Urban,1
Male,Yes,0,Graduate,No,5222,656,452,360,1.0,Urban,1
Female,No,1,Graduate,Yes,5051,165,467,360,1.0,Semiurban,1
Male,No,3+,Graduate,Yes,4332,4944,385,60,1.0,Semiurban,1
Female,Yes,3+,Not Graduate,No,7179,4591,285,120,0.0,Semiurban,0
Female,Yes,3+,Not Graduate,No,8079,589,409,180,1.0,Urban,1
Male,Yes,0,Not Graduate,Yes,1652,4524,488,120,1.0,Rural,0
Male,No,0,Graduate,No,7254,2821,451,360,1.0,Semiurban,1
Female,No,2,Graduate,Yes,4300,4258,83,60,1.0,Rural,1
Male,No,3+,Not Graduate,No,6810,1262,394,60,1.0,Rural,1
Female,No,0,Not Graduate,Yes,4110,71,430,120,1.0,Urban,0
Female,No,2,Not Graduate,No,2604,3516,94,120,1.0,Urban,1
Female,Yes,3+,Graduate,No,8861,4750,183,180,1.0,Urban,1
Female,No,1,Not Graduate,Yes,5699,3580,70,84,1.0,Semiurban,1
Female,Yes,2,Not Graduate,No,5354,268,171,84,1.0,Urban,1
Male,Yes,0,Graduate,Yes,8763,1776,119,180,1.0,Semiurban,1
Male,Yes,0,Not Graduate,Yes,3414,2462,401,84,1.0,Semiurban,0
Female,No,2,Graduate,Yes,8865,1268,410,360,1.0,Semiurban,1
Female,No,2,Graduate,Yes,4572,1015,97,84,1.0,Semiurban,1
Male,No,0,Graduate,Yes,1906,2722,88,180,1.0,Urban,1
Male,Yes,1,Not Graduate,No,1666,1083,336,84,0.0,Semiurban,0
Female,Yes,3+,Not Graduate,No,2008,4101,59,60,1.0,Urban,1
Male,Yes,1,Graduate,Yes,3161,406,79,120,0.0,Urban,0
Female,Yes,2,Not Graduate,No,5164,3076,293,360,1.0,Semiurban,1
Male,Yes,1,Not Graduate,Yes,4989,985,323,60,1.0,Urban,1
Female,Yes,0,Not Graduate,No,2180,3603,493,60,1.0,Rural,0
Male,No,2,Not Graduate,No,4024,4485,137,180,0.0,Urban,0
Female,No,3+,Graduate,No,3620,709,293,120,1.0,Urban,1
Male,No,0,Not Graduate,No,6760,2618,430,120,1.0,Semiurban,1
Male,No,0,Graduate,Yes,5857,4849,378,360,1.0,Semiurban,1
Female,Yes,3+,Graduate,Yes,2863,1411,64,180,1.0,Urban,1
Male,Yes,3+,Not Graduate,No,3792,4621,53,360,1.0,Semiurban,1
Female,No,1,Graduate,No,3038,1485,240,84,0.0,Rural,0
Male,Yes,2,Not Graduate,Yes,4908,2950,217,60,0.0,Rural,0
Female,No,3+,Not Graduate,No,9242,4651,58,360,1.0,Semiurban,1
Male,No,3+,Graduate,Yes,3403,2934,158,60,0.0,Urban,0
Female,No,2,Graduate,Yes,1674,4114,186,180,1.0,Rural,1
Male,Yes,3+,Graduate,Yes,3730,4670,203,84,1.0,Rural,1
Female,No,3+,Graduate,No,5787,1003,437,180,1.0,Urban,1
Male,No,1,Not Graduate,Yes,5660,2466,258,84,1.0,Semiurban,1
Female,No,0,Not Graduate,No,8606,2466,321,84,0.0,Rural,0
Female,Yes,0,Not Graduate,Yes,4671,1938,192,60,1.0,Urban,1
Female,Yes,0,Graduate,No,3067,1939,148,180,1.0,Urban,1
Male,No,0,Graduate,No,2651,1635,426,180,1.0,Rural,0
Female,Yes,3+,Graduate,No,9119,1698,357,360,1.0,Semiurban,1
Male,Yes,2,Not Graduate,Yes,7533,4527,118,180,1.0,Rural,1
Female,Yes,2,Graduate,Yes,6446,2091,296,360,0.0,Urban,0
Male,Yes,1,Not Graduate,No,9734,1895,310,120,0.0,Rural,0
Female,Yes,1,Graduate,No,3407,4240,325,120,1.0,Semiurban,1
Male,Yes,3+,Not Graduate,No,4990,3398,128,120,1.0,Urban,1
Male,Yes,2,Not Graduate,Yes,4035,1073,195,180,1.0,Semiurban,1
Female,Yes,2,Graduate,Yes,5673,2402,160,180,1.0,Rural,1
Male,Yes,0,Graduate,Yes,2793,4895,307,360,1.0,Rural,1
Male,Yes,3+,Not Graduate,Yes,6269,3212,142,84,1.0,Semiurban,1
Female,No,3+,Not Graduate,No,6296,4037,62,360,1.0,Rural,1
Male,No,0,Graduate,No,8371,1151,309,120,1.0,Semiurban,1
Male,Yes,3+,Graduate,Yes,4472,2445,475,360,1.0,Rural,0
Male,No,3+,Not Graduate,Yes,5422,1956,158,84,1.0,Semiurban,1
Female,No,1,Graduate,No,6497,4558,379,180,1.0,Semiurban,1
Male,Yes,2,Not Graduate,Yes,8532,3907,238,360,1.0,Urban,1
Female,Yes,3+,Not Graduate,Yes,2492,807,144,120,0.0,Urban,0
Male,Yes,1,Graduate,Yes,9612,186,154,120,1.0,Semiurban,1
Male,No,2,Graduate,Yes,6787,4827,57,180,0.0,Rural,1
Male,No,0,Graduate,Yes,3740,4524,116,360,1.0,Rural,1
Female,Yes,1,Graduate,Yes,2976,1307,240,84,1.0,Rural,1
Male,Yes,1,Graduate,No,7926,2284,415,180,1.0,Semiurban,1
Male,Yes,2,Not Graduate,Yes,1889,4866,305,360,0.0,Semiurban,0
Female,No,0,Not Graduate,Yes,2499,757,58,60,1.0,Semiurban,1
Male,No,1,Graduate,No,3355,4231,166,120,1.0,Semiurban,1
Female,No,3+,Graduate,No,9625,4887,316,84,1.0,Urban,1
Female,No,3+,Graduate,No,4263,3854,148,84,1.0,Semiurban,1
Male,Yes,3+,Not Graduate,Yes,5163,4266,347,84,1.0,Rural,1
Female,Yes,0,Graduate,No,6486,2206,446,120,0.0,Urban,0
Male,Yes,1,Graduate,Yes,2981,3558,213,360,1.0,Rural,1
Female,Yes,3+,Not Graduate,Yes,8756,1580,425,180,1.0,Semiurban,1
Female,No,0,Not Graduate,Yes,5231,961,190,360,1.0,Urban,1
Male,No,3+,Graduate,No,8762,3847,317,180,1.0,Semiurban,1
Female,Yes,2,Graduate,No,1951,3575,86,84,1.0,Urban,1
Female,Yes,1,Graduate,No,4593,875,123,360,1.0,Rural,1
Female,No,1,Not Graduate,No,2382,2418,122,84,1.0,Semiurban,1
Female,Yes,0,Graduate,No,5908,4198,357,60,1.0,Semiurban,1
Female,No,0,Graduate,Yes,5568,1001,248,84,1.0,Urban,1
Male,Yes,1,Graduate,Yes,4777,3384,179,84,0.0,Urban,0
Female,Yes,3+,Not Graduate,Yes,9451,4066,295,180,1.0,Semiurban,1
Male,Yes,3+,Not Graduate,Yes,6190,2845,361,60,1.0,Urban,1
Female,Yes,2,Graduate,No,6095,1481,109,84,1.0,Semiurban,1
Male,Yes,3+,Graduate,No,6059,3301,328,84,1.0,Urban,1
Male,Yes,0,Not Graduate,Yes,8791,657,152,60,1.0,Rural,1
Female,Yes,0,Not Graduate,No,9660,2780,345,60,1.0,Urban,1
Female,No,3+,Not Graduate,No,1612,422,369,360,1.0,Rural,0
Female,No,0,Not Graduate,Yes,6631,3681,390,180,0.0,Urban,0
Male,No,1,Not Graduate,Yes,4697,4266,200,60,1.0,Urban,1
Female,No,1,Not Graduate,No,1639,2710,206,60,1.0,Semiurban,1
Male,No,3+,Not Graduate,No,2924,452,255,120,1.0,Urban,1
Male,Yes,1,Not Graduate,Yes,4449,2397,228,60,1.0,Urban,1
Male,Yes,1,Not Graduate,Yes,4668,1975,246,180,1.0,Rural,1
Female,No,2,Graduate,Yes,7543,1657,272,84,0.0,Urban,0
Female,Yes,2,Graduate,No,8489,2541,138,84,1.0,Semiurban,1
Male,No,1,Graduate,Yes,8736,3075,336,84,1.0,Rural,1
Male,No,3+,Not Graduate,Yes,7761,3164,483,84,1.0,Semiurban,1
Female,Yes,2,Graduate,No,2387,2966,325,120,1.0,Semiurban,1
Male,Yes,0,Not Graduate,No,4604,2053,285,60,1.0,Semiurban,1
Female,Yes,0,Not Graduate,No,1549,287,232,84,1.0,Semiurban,0
Male,No,0,Graduate,No,5451,3217,258,360,1.0,Rural,1
Female,Yes,3+,Not Graduate,No,5060,3854,179,84,1.0,Urban,1
Male,No,1,Graduate,Yes,1518,1447,202,60,1.0,Semiurban,1
Female,No,0,Graduate,Yes,6321,607,62,84,0.0,Rural,1
Male,No,3+,Graduate,No,7840,4552,171,120,1.0,Semiurban,1
Female,Yes,2,Not Graduate,No,9558,1764,408,180,0.0,Urban,0
Female,Yes,1,Graduate,No,4106,1225,269,180,1.0,Rural,1
Male,No,2,Not Graduate,No,9346,1235,155,60,1.0,Rural,1
Male,Yes,3+,Graduate,No,7932,1029,424,180,1.0,Urban,1
Female,Yes,0,Graduate,Yes,5265,2671,119,180,1.0,Rural,1
Male,Yes,0,Graduate,Yes,3938,3962,244,360,1.0,Urban,1
Female,No,3+,Not Graduate,Yes,7858,4542,235,60,1.0,Rural,1
Male,No,0,Not Graduate,Yes,9819,4930,148,60,1.0,Rural,1
Female,Yes,1,Not Graduate,No,7441,3177,131,180,0.0,Urban,0
Female,No,3+,Graduate,Yes,9144,3722,124,180,1.0,Urban,1
Female,Yes,2,Graduate,No,6355,4906,423,180,1.0,Rural,1
Female,Yes,3+,Not Graduate,No,8047,1475,389,120,1.0,Rural,1
Female,Yes,1,Not Graduate,No,8696,2896,241,84,0.0,Urban,0
Female,Yes,1,Not Graduate,Yes,7411,808,374,120,1.0,Urban,1
Male,No,3+,Not Graduate,No,7981,978,263,60,1.0,Rural,1
Male,No,3+,Not Graduate,Yes,4261,2463,364,360,1.0,Rural,0
Male,No,0,Not Graduate,Yes,5956,725,493,84,1.0,Rural,0
Female,Yes,1,Graduate,No,7861,2501,431,360,0.0,Urban,0
Female,Yes,3+,Not Graduate,No,7193,3362,416,60,1.0,Rural,1
Female,Yes,3+,Graduate,No,7288,1216,367,60,1.0,Semiurban,1
Female,No,1,Graduate,Yes,1701,4051,193,360,0.0,Urban,0
Male,Yes,3+,Not Graduate,No,7660,2197,433,360,1.0,Rural,1
Male,No,0,Not Graduate,Yes,2017,2806,265,360,1.0,Urban,0
Female,No,1,Graduate,No,9237,778,410,60,1.0,Semiurban,1
Male,No,0,Not Graduate,No,3488,972,373,180,1.0,Urban,0
Male,No,0,Not Graduate,Yes,5302,2810,64,360,1.0,Rural,1
Female,No,0,Graduate,Yes,7308,2123,266,84,1.0,Semiurban,1
Male,No,0,Graduate,Yes,8662,598,488,60,1.0,Semiurban,1
Female,Yes,1,Graduate,Yes,7741,3341,84,120,1.0,Rural,1
Male,Yes,0,Not Graduate,Yes,9899,224,232,120,1.0,Rural,1
Female,No,0,Graduate,Yes,7133,840,319,84,0.0,Rural,0
Female,No,3+,Not Graduate,No,7255,1814,482,180,1.0,Urban,1
Female,Yes,1,Graduate,No,7809,4809,407,360,1.0,Urban,1
Female,No,1,Graduate,Yes,5617,1106,149,60,1.0,Urban,1
Male,No,2,Graduate,No,9845,124,56,360,1.0,Rural,1
Female,Yes,1,Not Graduate,Yes,3018,3246,79,60,1.0,Rural,1
Female,No,1,Not Graduate,No,7663,2931,354,120,1.0,Urban,1
Female,No,2,Graduate,No,4100,4125,193,360,1.0,Semiurban,1
Male,No,1,Graduate,Yes,3695,2971,160,84,1.0,Urban,1
Female,Yes,1,Graduate,Yes,5054,2017,281,180,1.0,Semiurban,1
Male,Yes,1,Not Graduate,Yes,4349,2415,228,84,1.0,Rural,1
Female,Yes,1,Graduate,No,3242,4590,121,180,1.0,Rural,1
Male,No,2,Not Graduate,Yes,2806,3096,259,360,0.0,Urban,0
Male,No,1,Graduate,No,5349,1609,269,360,1.0,Urban,1
Female,Yes,1,Graduate,Yes,9019,717,129,180,1.0,Rural,1
Male,No,2,Graduate,No,5695,3561,132,120,1.0,Urban,1
Female,No,3+,Graduate,No,6678,1016,91,60,0.0,Rural,0
Female,No,0,Graduate,Yes,4055,3565,322,84,1.0,Rural,1
Female,No,3+,Graduate,No,3805,4701,240,84,1.0,Semiurban,1
Male,No,2,Not Graduate,No,9119,4470,222,84,1.0,Urban,1
Male,Yes,0,Graduate,Yes,4142,1960,56,360,0.0,Rural,0
Female,No,2,Not Graduate,No,7909,1048,204,84,1.0,Urban,1
Female,Yes,2,Graduate,Yes,6257,1357,59,60,1.0,Semiurban,1
Male,No,1,Graduate,Yes,4494,3426,83,60,0.0,Semiurban,0
Female,Yes,0,Not Graduate,Yes,2771,115,85,180,0.0,Urban,0
Female,No,1,Graduate,Yes,3313,2095,458,360,0.0,Urban,0
Female,Yes,0,Not Graduate,No,3961,1801,55,60,1.0,Rural,1
Male,No,2,Not Graduate,No,5620,2146,457,120,1.0,Semiurban,0
Male,Yes,2,Graduate,No,7624,1620,451,360,1.0,Semiurban,1
Male,No,3+,Not Graduate,Yes,9975,4780,264,360,1.0,Semiurban,1
Female,Yes,0,Not Graduate,No,5896,2950,183,60,1.0,Urban,1
Female,No,1,Graduate,No,2316,3792,334,120,1.0,Rural,1
Female,Yes,3+,Not Graduate,Yes,8804,2941,175,180,1.0,Urban,1
Male,Yes,3+,Graduate,Yes,8831,4905,458,60,1.0,Urban,1
Female,No,3+,Graduate,No,1582,977,488,120,1.0,Urban,0
Female,No,1,Graduate,Yes,3420,3066,386,360,1.0,Rural,1
Female,Yes,3+,Graduate,Yes,9317,783,223,120,1.0,Urban,1
Female,No,1,Not Graduate,Yes,3593,240,201,360,1.0,Semiurban,1
Male,Yes,3+,Graduate,Yes,8571,1553,380,60,1.0,Semiurban,1
Male,Yes,1,Graduate,No,9467,4578,75,60,1.0,Semiurban,1
Female,Yes,2,Not Graduate,Yes,9867,1012,432,84,1.0,Rural,1
Male,No,2,Graduate,Yes,6785,186,164,84,1.0,Urban,1
Male,Yes,2,Graduate,Yes,6437,1881,431,84,1.0,Rural,1
Female,Yes,2,Not Graduate,Yes,1869,4586,333,60,0.0,Urban,0
Female,No,2,Not Graduate,Yes,3318,430,436,180,1.0,Semiurban,0
Male,No,3+,Not Graduate,Yes,3601,238,124,60,1.0,Urban,1
Female,No,3+,Not Graduate,Yes,4990,2345,215,120,0.0,Urban,0
Male,No,3+,Not Graduate,Yes,3279,75,238,60,1.0,Urban,1
Female,Yes,1,Not Graduate,No,9174,1356,127,60,0.0,Rural,0
Male,Yes,1,Not Graduate,Yes,2864,4922,484,360,0.0,Urban,0
Female,Yes,1,Graduate,No,8794,2330,139,360,1.0,Urban,1
Male,Yes,1,Not Graduate,Yes,5176,4686,225,360,0.0,Urban,0
Male,No,2,Not Graduate,Yes,3926,1902,70,60,1.0,Rural,1
Male,Yes,2,Not Graduate,Yes,9764,4013,103,180,1.0,Rural,1
Female,Yes,2,Graduate,Yes,9589,4670,233,120,1.0,Rural,1
Male,No,0,Graduate,No,4462,4987,408,120,1.0,Urban,1
Male,Yes,3+,Not Graduate,Yes,2359,2059,271,180,0.0,Semiurban,0
Female,Yes,1,Not Graduate,Yes,5638,140,364,180,1.0,Semiurban,1
Female,Yes,1,Not Graduate,No,3924,1789,377,120,1.0,Semiurban,0
Male,Yes,2,Graduate,No,5517,3626,228,84,1.0,Urban,1
Male,Yes,1,Graduate,Yes,9842,16,325,360,1.0,Semiurban,1
Female,Yes,1,Not Graduate,No,2634,4348,161,360,1.0,Semiurban,1
Female,No,3+,Graduate,No,6666,464,273,120,1.0,Semiurban,1
Female,No,2,Not Graduate,No,6619,4471,263,180,0.0,Urban,0
Female,Yes,3+,Graduate,Yes,7194,1827,108,84,1.0,Semiurban,1
Female,Yes,0,Graduate,Yes,7636,3028,376,120,0.0,Semiurban,0
Male,No,0,Not Graduate,Yes,6985,519,442,360,1.0,Urban,1
Female,Yes,0,Not Graduate,No,5664,89,158,60,1.0,Rural,1
Male,Yes,2,Not Graduate,Yes,3846,4815,434,180,1.0,Semiurban,0
Male,Yes,1,Not Graduate,No,6539,2851,206,60,1.0,Rural,1
Male,No,2,Graduate,Yes,6397,2843,240,120,1.0,Semiurban,1
Female,Yes,2,Graduate,Yes,9752,4725,249,360,0.0,Urban,0
Male,No,1,Graduate,No,6541,1884,361,84,1.0,Rural,1
Male,Yes,3+,Not Graduate,Yes,5401,4171,245,60,0.0,Rural,0
Female,No,0,Graduate,No,2837,925,84,84,1.0,Rural,1
Male,No,3+,Not Graduate,No,2684,3734,428,360,1.0,Rural,0
Male,Yes,0,Graduate,Yes,5926,969,436,60,1.0,Semiurban,1
Female,No,2,Not Graduate,No,3051,1094,295,84,0.0,Semiurban,0
Male,Yes,0,Not Graduate,Yes,3129,3195,286,84,1.0,Rural,1
Male,No,2,Graduate,Yes,3026,1404,153,60,0.0,Semiurban,0
Male,Yes,3+,Not Graduate,No,2861,3364,56,360,0.0,Rural,0
Female,Yes,2,Not Graduate,Yes,5870,4290,332,84,1.0,Rural,1
Female,No,3+,Graduate,No,6783,3982,50,120,1.0,Urban,1
Female,Yes,1,Not Graduate,Yes,9110,4323,268,60,1.0,Rural,1
Male,Yes,1,Not Graduate,Yes,3493,4013,279,180,1.0,Semiurban,1
Male,No,1,Not Graduate,Yes,2369,4556,221,180,1.0,Rural,1
Female,Yes,2,Graduate,Yes,2514,4713,136,360,1.0,Urban,1
Male,Yes,1,Graduate,Yes,2102,3092,90,120,1.0,Semiurban,1
Male,No,0,Not Graduate,No,2190,4159,172,84,1.0,Urban,1
Female,No,3+,Graduate,No,1989,2074,380,180,1.0,Urban,0
Female,Yes,3+,Not Graduate,No,8364,284,347,360,1.0,Rural,1
Male,Yes,0,Not Graduate,No,8740,4933,422,120,1.0,Urban,1
Male,No,2,Not Graduate,No,9286,4926,466,120,1.0,Urban,1
Male,No,2,Not Graduate,No,9524,1187,227,360,1.0,Semiurban,1
Female,Yes,3+,Not Graduate,Yes,1794,3969,112,360,0.0,Urban,0
Female,No,1,Graduate,Yes,6988,2965,214,84,1.0,Rural,1
Female,Yes,2,Not Graduate,No,5527,4319,236,360,1.0,Rural,1
Female,Yes,2,Graduate,No,4412,783,432,84,1.0,Rural,1
Male,Yes,0,Graduate,Yes,6244,949,258,84,1.0,Urban,1
Female,Yes,0,Not Graduate,Yes,3373,3939,276,60,1.0,Semiurban,1
Female,Yes,1,Not Graduate,Yes,4758,44,481,120,0.0,Rural,0
Female,No,2,Graduate,No,4317,1810,438,120,1.0,Urban,1
Female,No,2,Graduate,No,5141,4566,97,120,1.0,Rural,1
Female,No,0,Graduate,No,5958,2081,273,60,1.0,Rural,1
Male,No,2,Not Graduate,Yes,6807,3498,52,84,1.0,Semiurban,1
Male,Yes,3+,Graduate,Yes,3541,829,421,84,1.0,Rural,1
Female,Yes,0,Not Graduate,No,2179,1909,224,360,1.0,Semiurban,1
Male,Yes,1,Not Graduate,No,7238,2581,495,60,1.0,Urban,1
Female,Yes,0,Not Graduate,Yes,7168,691,148,360,1.0,Rural,1
Female,No,2,Graduate,Yes,9197,4019,165,60,1.0,Urban,1
Male,Yes,1,Not Graduate,Yes,9533,931,319,360,1.0,Urban,1
Male,Yes,0,Not Graduate,Yes,1562,4936,496,180,0.0,Urban,0
Female,No,3+,Not Graduate,No,9329,3406,417,120,1.0,Rural,1
Female,No,3+,Not Graduate,Yes,8852,147,302,120,1.0,Semiurban,1
Female,No,0,Not Graduate,Yes,8415,1032,366,84,1.0,Rural,1
Male,No,3+,Graduate,Yes,9826,1311,464,180,1.0,Urban,1
Female,Yes,3+,Not Graduate,No,5144,387,144,120,1.0,Semiurban,1
Female,Yes,3+,Not Graduate,No,6470,3121,322,84,1.0,Urban,1
Female,No,1,Graduate,Yes,9503,1873,429,180,1.0,Semiurban,1
Male,Yes,3+,Not Graduate,Yes,4778,3588,73,120,1.0,Rural,1
Female,Yes,3+,Graduate,Yes,8796,915,165,360,1.0,Semiurban,1
Female,Yes,3+,Not Graduate,No,4574,1878,200,60,1.0,Rural,1
Male,No,1,Graduate,No,9812,3748,387,180,1.0,Urban,1
Female,Yes,0,Graduate,No,9052,277,99,84,1.0,Semiurban,1
Female,No,2,Not Graduate,Yes,3137,1977,255,180,1.0,Urban,1
Male,Yes,3+,Not Graduate,No,6603,1859,384,84,1.0,Semiurban,1
Female,Yes,0,Not Graduate,Yes,2144,3036,128,180,1.0,Rural,1
Male,Yes,3+,Graduate,Yes,3532,3371,119,84,1.0,Semiurban,1
Male,No,1,Graduate,Yes,4261,4713,76,120,0.0,Semiurban,0
Female,Yes,0,Graduate,No,3568,2182,320,360,1.0,Rural,1
Female,No,1,Not Graduate,Yes,1741,4675,99,120,1.0,Rural,1
Female,No,3+,Graduate,No,4168,1170,341,360,1.0,Rural,1
Female,No,3+,Graduate,No,2302,489,296,120,0.0,Semiurban,0
Male,Yes,1,Not Graduate,Yes,6559,2525,313,120,1.0,Urban,1
Female,Yes,2,Graduate,Yes,1695,1182,128,180,1.0,Semiurban,1
Male,Yes,1,Graduate,No,3687,4479,436,60,1.0,Semiurban,0
Female,Yes,3+,Not Graduate,Yes,3830,4258,239,84,1.0,Urban,1
Female,No,1,Graduate,No,6341,2488,96,84,1.0,Rural,1
Female,No,2,Not Graduate,Yes,5106,1876,410,84,1.0,Semiurban,0
Male,No,1,Not Graduate,No,9968,2462,403,360,0.0,Urban,0
Female,Yes,2,Not Graduate,No,1560,1630,401,84,0.0,Rural,0
Female,No,2,Not Graduate,No,5427,287,238,84,1.0,Rural,1
Female,Yes,1,Not Graduate,No,7796,4282,465,180,1.0,Semiurban,1
Female,No,1,Graduate,Yes,4091,1907,305,120,0.0,Rural,0
Male,Yes,0,Graduate,Yes,7621,1161,271,84,1.0,Rural,1
Female,Yes,3+,Not Graduate,No,2700,129,421,60,1.0,Urban,0
Male,No,2,Not Graduate,No,4354,2363,290,84,1.0,Urban,1
Male,No,0,Graduate,Yes,8524,143,318,360,1.0,Rural,1
Male,No,1,Not Graduate,Yes,8472,15,50,360,1.0,Urban,1
Male,No,3+,Not Graduate,Yes,1636,244,83,360,1.0,Rural,1
Male,Yes,0,Not Graduate,Yes,2529,926,495,84,1.0,Semiurban,0
Male,No,2,Graduate,Yes,4094,3178,128,180,1.0,Urban,1
Female,No,0,Graduate,Yes,8706,2176,285,60,1.0,Rural,1
Male,No,2,Not Graduate,No,2161,886,383,84,1.0,Rural,0
Male,Yes,1,Not Graduate,Yes,3972,340,426,180,0.0,Urban,0
Male,Yes,3+,Graduate,Yes,1586,2051,398,180,1.0,Urban,0
Female,No,3+,Graduate,No,7719,3398,147,84,1.0,Semiurban,1
Female,Yes,3+,Not Graduate,Yes,9643,3950,131,84,0.0,Rural,1
Male,No,1,Not Graduate,Yes,8468,305,464,180,0.0,Semiurban,0
Female,Yes,2,Graduate,Yes,4273,907,241,180,1.0,Semiurban,1
Male,Yes,1,Graduate,Yes,3200,2654,302,180,1.0,Semiurban,1
Male,Yes,3+,Graduate,Yes,4200,3792,458,84,1.0,Urban,1
Female,Yes,1,Not Graduate,No,8315,4042,87,180,0.0,Semiurban,0
Male,No,1,Graduate,Yes,3147,1371,63,360,0.0,Urban,0
Female,No,1,Not Graduate,No,7538,320,441,84,0.0,Urban,0
Female,No,2,Graduate,No,6664,4654,396,360,1.0,Semiurban,1
Male,Yes,0,Graduate,Yes,7020,4059,359,120,1.0,Semiurban,1
Male,No,0,Graduate,No,5187,1131,435,84,1.0,Rural,1
Female,No,1,Graduate,Yes,2096,2578,258,120,1.0,Semiurban,1
Male,No,0,Not Graduate,No,6045,4042,406,180,1.0,Rural,1
Male,Yes,0,Not Graduate,No,6257,3367,138,180,1.0,Semiurban,1
Male,Yes,1,Graduate,Yes,5884,817,105,60,1.0,Semiurban,1
Female,Yes,1,Not Graduate,Yes,6233,11,143,180,1.0,Semiurban,1
Female,No,3+,Graduate,Yes,8581,194,142,120,1.0,Semiurban,1
Male,No,0,Graduate,Yes,8617,2537,389,180,1.0,Rural,1
Female,No,2,Graduate,Yes,6229,2842,134,84,1.0,Rural,1
Female,Yes,1,Graduate,No,3173,2229,494,180,1.0,Semiurban,0
Female,Yes,3+,Not Graduate,No,9806,3009,294,60,1.0,Semiurban,1
Female,No,2,Graduate,No,8678,4751,71,180,1.0,Rural,1
Female,Yes,0,Graduate,No,3794,2077,340,120,0.0,Urban,0
Male,Yes,3+,Not Graduate,No,5130,3867,321,120,1.0,Urban,1
Male,Yes,1,Graduate,No,1646,4873,355,180,1.0,Urban,0
Male,Yes,2,Graduate,No,4953,443,171,120,1.0,Rural,1
Female,No,1,Graduate,Yes,6007,297,177,120,1.0,Rural,1
Female,Yes,0,Not Graduate,Yes,7283,4903,162,60,0.0,Urban,0
Male,Yes,2,Graduate,No,9251,844,476,84,1.0,Urban,1
Female,Yes,0,Not Graduate,No,7128,1015,322,60,0.0,Semiurban,0
Male,Yes,0,Graduate,Yes,9828,1384,385,360,1.0,Rural,1
Male,No,3+,Graduate,Yes,4860,1397,491,60,0.0,Rural,0
Male,No,1,Not Graduate,Yes,4505,553,179,180,1.0,Urban,1
Female,Yes,2,Graduate,Yes,5052,2350,181,84,0.0,Urban,0
Female,Yes,0,Graduate,No,1518,4516,134,180,1.0,Rural,1
Male,Yes,0,Not Graduate,Yes,3742,1269,472,360,1.0,Semiurban,0
Male,Yes,2,Not Graduate,No,7818,1260,399,84,1.0,Urban,1
Male,Yes,0,Not Graduate,No,6597,184,439,120,0.0,Rural,0
Male,Yes,3+,Not Graduate,No,3448,4563,130,60,1.0,Rural,1
Female,No,3+,Not Graduate,Yes,7118,2410,374,180,1.0,Semiurban,1
Female,Yes,3+,Graduate,Yes,5736,4431,118,360,0.0,Semiurban,0
Male,No,3+,Not Graduate,No,8401,2209,197,120,1.0,Urban,1
Male,No,0,Graduate,No,3420,3672,497,60,1.0,Urban,0
Female,Yes,2,Graduate,No,5688,4683,65,120,1.0,Urban,1
Female,No,2,Graduate,Yes,1738,1881,356,60,1.0,Rural,0
Male,No,2,Not Graduate,No,1704,4296,154,84,0.0,Urban,0
Male,No,2,Not Graduate,Yes,7052,521,214,120,1.0,Rural,1
Male,No,1,Graduate,No,6427,1887,250,120,1.0,Urban,1
Female,No,2,Not Graduate,No,5890,2552,246,120,0.0,Semiurban,0
Female,No,1,Not Graduate,No,4187,3809,475,84,1.0,Semiurban,0
Female,Yes,1,Not Graduate,Yes,6451,4883,234,360,1.0,Rural,1
Male,No,3+,Not Graduate,Yes,7660,4155,371,60,1.0,Semiurban,1
Male,No,1,Graduate,No,6888,4673,314,120,1.0,Rural,1
Female,No,0,Graduate,Yes,6626,4416,412,84,1.0,Rural,1
Female,Yes,1,Not Graduate,No,2316,3479,149,360,0.0,Semiurban,0
Male,No,3+,Graduate,Yes,1692,1409,391,60,1.0,Rural,0
Female,Yes,1,Not Graduate,Yes,3276,1694,369,84,1.0,Semiurban,0
Female,No,0,Not Graduate,Yes,5145,4664,263,60,1.0,Urban,1
Male,Yes,0,Graduate,No,7814,526,327,120,1.0,Urban,1
Female,Yes,0,Graduate,Yes,9942,2660,211,360,0.0,Semiurban,1
Male,No,3+,Graduate,Yes,3288,2172,488,84,0.0,Semiurban,0
Male,No,3+,Not Graduate,No,8874,4966,206,360,1.0,Semiurban,1
Male,Yes,2,Graduate,No,5200,279,471,120,1.0,Semiurban,1
Male,No,3+,Not Graduate,No,5393,2964,300,360,1.0,Urban,1
Male,Yes,0,Graduate,No,8311,3977,415,360,1.0,Rural,1
Male,Yes,0,Graduate,Yes,4179,2669,146,180,1.0,Rural,1
Male,Yes,3+,Not Graduate,Yes,5404,2893,67,360,1.0,Urban,1
Female,Yes,1,Not Graduate,Yes,8760,1751,376,60,1.0,Rural,1
Male,Yes,3+,Not Graduate,Yes,2004,3981,498,84,1.0,Urban,0
Male,No,3+,Not Graduate,Yes,8273,4769,432,180,1.0,Rural,1
Female,Yes,0,Not Graduate,No,5316,2361,146,84,1.0,Semiurban,1
Female,Yes,2,Not Graduate,Yes,2217,4427,50,84,1.0,Semiurban,1
Female,No,0,Not Graduate,Yes,5934,4131,265,120,1.0,Semiurban,1
Male,Yes,2,Not Graduate,Yes,2158,1708,181,120,1.0,Urban,1
Female,No,0,Graduate,No,6557,2686,309,180,0.0,Urban,0
Male,No,3+,Not Graduate,No,5508,2895,174,120,1.0,Rural,1
Male,No,0,Not Graduate,Yes,6494,4535,131,120,1.0,Rural,1
Male,Yes,0,Graduate,No,5734,2776,332,120,1.0,Rural,1
Male,Yes,0,Not Graduate,No,5264,1119,220,84,0.0,Urban,0
Female,Yes,3+,Graduate,No,6137,2988,108,180,0.0,Rural,0
Female,No,3+,Graduate,No,3604,4259,81,84,1.0,Semiurban,1
Male,Yes,3+,Not Graduate,No,8301,4243,210,60,1.0,Rural,1
Male,No,3+,Graduate,No,4107,194,333,84,0.0,Semiurban,0
Male,Yes,2,Not Graduate,No,9885,662,155,60,1.0,Urban,1
Female,No,2,Graduate,Yes,5219,479,154,360,1.0,Semiurban,1
Male,Yes,1,Graduate,Yes,4081,4218,488,360,1.0,Semiurban,0
Male,Yes,3+,Graduate,No,4065,1423,277,60,1.0,Semiurban,1
Female,Yes,2,Not Graduate,Yes,4263,2708,237,60,1.0,Urban,1
Female,No,0,Not Graduate,Yes,7828,3175,119,84,1.0,Urban,1
Male,No,3+,Graduate,No,7491,3814,367,60,1.0,Urban,1
Female,Yes,1,Graduate,Yes,4906,2014,339,180,0.0,Urban,0
Female,Yes,1,Not Graduate,No,6280,3789,136,360,1.0,Rural,1
Male,No,1,Not Graduate,No,5677,4805,419,360,0.0,Urban,0
Female,No,0,Graduate,No,7976,2443,411,60,1.0,Semiurban,1
Male,No,2,Graduate,Yes,4104,911,105,120,1.0,Urban,1
Female,Yes,0,Not Graduate,Yes,9681,3213,162,120,1.0,Rural,1
Male,No,3+,Not Graduate,Yes,3882,2364,62,60,0.0,Rural,0
Male,Yes,1,Not Graduate,Yes,2031,3629,489,180,1.0,Rural,0
Male,No,0,Not Graduate,No,7579,3472,67,120,1.0,Semiurban,1
Female,Yes,0,Not Graduate,No,2134,680,231,60,0.0,Urban,0
Male,No,2,Graduate,Yes,1502,4651,162,180,1.0,Urban,1
Female,No,2,Not Graduate,No,9897,609,278,180,0.0,Urban,0
Male,No,1,Graduate,No,7451,2156,220,84,1.0,Semiurban,1
Male,No,0,Not Graduate,Yes,7126,3866,344,180,0.0,Semiurban,0
Female,No,0,Graduate,No,9239,371,238,120,1.0,Rural,1
Male,Yes,2,Not Graduate,Yes,7503,615,475,120,1.0,Rural,1
Male,No,0,Not Graduate,No,4390,2253,128,60,1.0,Urban,1
Female,No,0,Graduate,Yes,7739,4942,195,60,1.0,Semiurban,1
Male,No,0,Graduate,No,9526,4138,456,180,1.0,Semiurban,1
Male,Yes,2,Not Graduate,No,4806,864,231,360,1.0,Urban,1
Male,No,1,Not Graduate,Yes,2397,1268,335,84,1.0,Urban,0
Male,Yes,3+,Not Graduate,Yes,2170,784,299,360,1.0,Rural,0
Female,No,1,Not Graduate,Yes,8791,4571,403,180,1.0,Rural,1
Female,No,3+,Not Graduate,Yes,3005,4178,363,180,1.0,Rural,0
Male,Yes,0,Graduate,No,7960,2237,245,360,0.0,Urban,0
Female,No,1,Graduate,No,6667,4054,372,84,1.0,Urban,1
Male,Yes,3+,Not Graduate,Yes,6755,4895,120,360,1.0,Rural,1
Female,Yes,2,Graduate,No,1749,935,297,60,1.0,Rural,1
Male,No,2,Graduate,Yes,7957,3980,195,120,1.0,Semiurban,1
Male,Yes,1,Graduate,Yes,3392,2338,155,60,1.0,Semiurban,1
Male,No,1,Not Graduate,No,4939,325,312,120,1.0,Rural,1
Male,No,0,Graduate,No,4354,1534,345,180,1.0,Rural,1
Male,Yes,1,Not Graduate,Yes,5292,3480,119,84,0.0,Semiurban,0
Male,Yes,0,Graduate,Yes,6830,3861,242,360,1.0,Rural,1
Female,Yes,0,Not Graduate,Yes,9371,1985,117,84,1.0,Semiurban,1
Male,Yes,2,Graduate,No,9735,4932,354,360,1.0,Semiurban,1
Female,No,2,Not Graduate,No,5112,4603,101,60,1.0,Semiurban,1
Male,No,3+,Not Graduate,No,4118,2778,419,60,1.0,Urban,0
Female,Yes,2,Graduate,No,6178,1270,412,360,1.0,Urban,1
Female,No,2,Not Graduate,Yes,4663,640,334,84,1.0,Rural,1
Female,No,1,Not Graduate,Yes,4442,4703,454,360,1.0,Semiurban,0
Male,No,2,Not Graduate,Yes,9911,4078,383,180,1.0,Urban,1
Male,No,3+,Not Graduate,Yes,3425,4661,58,60,1.0,Rural,1
Female,Yes,1,Not Graduate,Yes,4472,1367,300,180,0.0,Rural,0
Male,Yes,3+,Not Graduate,Yes,2490,4042,480,60,1.0,Rural,0
Female,No,2,Not Graduate,No,3312,2575,381,60,0.0,Rural,0
Male,Yes,3+,Not Graduate,No,1989,3603,347,120,0.0,Rural,0
Female,Yes,1,Graduate,Yes,7376,1581,484,180,1.0,Semiurban,1
Female,Yes,0,Graduate,Yes,5145,1986,233,180,1.0,Rural,1
Male,No,3+,Not Graduate,No,8581,2240,228,120,1.0,Semiurban,1
Female,No,3+,Not Graduate,No,4391,3966,247,84,0.0,Urban,0
Male,No,1,Graduate,No,5016,2105,177,180,1.0,Rural,1
Female,Yes,1,Graduate,No,4840,128,69,360,1.0,Urban,1
Female,No,3+,Graduate,Yes,7910,4801,460,120,1.0,Semiurban,1
Male,No,2,Not Graduate,Yes,1553,3996,471,180,0.0,Semiurban,0
Male,Yes,3+,Graduate,Yes,4075,851,377,84,1.0,Urban,1
Male,No,1,Not Graduate,Yes,2115,4103,114,180,0.0,Rural,0
Female,No,0,Not Graduate,Yes,7444,2076,231,60,1.0,Rural,1
Male,Yes,0,Graduate,No,8904,2994,290,360,1.0,Urban,1
Female,Yes,2,Not Graduate,Yes,2454,3744,418,120,1.0,Urban,0
Female,Yes,3+,Not Graduate,No,3129,2756,73,60,1.0,Urban,1
Male,No,0,Not Graduate,Yes,8359,1644,433,84,1.0,Rural,1
Male,No,3+,Not Graduate,Yes,4778,4371,480,60,1.0,Rural,0
Female,No,1,Graduate,Yes,6955,3144,132,60,0.0,Rural,0
Female,Yes,0,Graduate,Yes,5301,242,368,84,1.0,Urban,1
Male,Yes,2,Not Graduate,Yes,4061,4085,234,60,0.0,Rural,0
Male,No,1,Not Graduate,No,8039,170,488,120,1.0,Semiurban,1
Male,No,2,Graduate,No,1870,652,365,180,0.0,Urban,0
Male,Yes,1,Not Graduate,No,2357,3512,148,60,1.0,Rural,1
Male,Yes,0,Graduate,Yes,6386,1499,111,120,0.0,Urban,0
Female,Yes,2,Not Graduate,Yes,8985,2099,335,180,0.0,Semiurban,0
Female,Yes,2,Not Graduate,No,1883,2158,71,180,1.0,Semiurban,1
Female,No,1,Graduate,Yes,5834,1972,261,60,1.0,Urban,1
Female,Yes,2,Graduate,Yes,5790,3925,175,120,1.0,Urban,1
Male,No,1,Graduate,No,4225,2258,462,60,1.0,Semiurban,0
Male,No,1,Graduate,Yes,7704,4039,474,84,0.0,Urban,0
Male,No,1,Not Graduate,No,7611,2035,91,180,1.0,Semiurban,1
Female,Yes,1,Graduate,Yes,5751,3271,147,60,1.0,Semiurban,1
Female,Yes,0,Not Graduate,No,2422,857,498,180,1.0,Rural,0
Male,Yes,1,Graduate,Yes,4415,3823,80,120,0.0,Urban,0
Male,Yes,3+,Graduate,Yes,9457,1049,207,360,0.0,Urban,1
Female,No,2,Not Graduate,No,4546,3990,161,60,1.0,Rural,1
Female,Yes,3+,Graduate,Yes,2730,298,451,60,1.0,Semiurban,0
Male,Yes,0,Graduate,Yes,9147,923,296,180,1.0,Urban,1
Male,No,3+,Graduate,No,6433,4232,171,120,1.0,Rural,1
Female,Yes,2,Graduate,Yes,5440,4306,322,84,1.0,Rural,1
Male,No,3+,Not Graduate,No,7983,2799,343,120,1.0,Urban,1
Male,No,0,Not Graduate,Yes,1703,4875,447,60,1.0,Rural,0
Male,No,1,Graduate,Yes,1660,4062,256,84,1.0,Semiurban,1
Female,No,3+,Graduate,Yes,5248,4045,159,120,1.0,Rural,1
Female,No,0,Graduate,Yes,8218,1802,489,360,1.0,Semiurban,1
Female,No,0,Not Graduate,No,4081,2713,327,180,1.0,Semiurban,1
Female,No,2,Not Graduate,Yes,2593,4506,105,120,1.0,Urban,1
Female,No,2,Not Graduate,No,6000,2853,424,120,1.0,Rural,1
Female,Yes,3+,Not Graduate,Yes,7210,2657,452,360,1.0,Semiurban,1
Female,Yes,1,Graduate,Yes,4375,4522,106,60,1.0,Semiurban,1
Male,Yes,0,Graduate,Yes,4691,3346,477,180,1.0,Rural,1
Male,Yes,3+,Graduate,Yes,3337,1471,340,120,0.0,Semiurban,0
Male,No,0,Not Graduate,No,2189,2949,163,84,1.0,Rural,1
Male,Yes,0,Graduate,No,5259,941,430,120,1.0,Urban,1
Male,No,1,Not Graduate,No,3603,1907,434,180,1.0,Semiurban,0
Male,Yes,1,Not Graduate,No,1865,4837,357,120,1.0,Semiurban,0
Male,Yes,3+,Graduate,Yes,9592,1243,390,360,1.0,Rural,1
Female,Yes,1,Graduate,No,5672,4423,247,120,1.0,Rural,1
Female,No,1,Graduate,No,7533,1466,470,120,1.0,Rural,1
Male,Yes,3+,Not Graduate,Yes,3878,3957,370,84,1.0,Rural,0
Male,No,1,Not Graduate,Yes,2705,1966,228,360,1.0,Semiurban,1
Female,No,2,Graduate,Yes,6488,375,434,360,1.0,Urban,1
Male,Yes,0,Graduate,Yes,7169,262,268,120,1.0,Urban,1
Male,Yes,0,Not Graduate,No,4235,4362,326,84,1.0,Urban,1
Female,Yes,0,Graduate,No,9990,3388,486,120,1.0,Urban,1
Male,No,0,Not Graduate,Yes,2456,3395,65,120,0.0,Rural,0
Female,Yes,3+,Not Graduate,Yes,8123,1944,428,180,1.0,Semiurban,1
Male,No,0,Graduate,Yes,2974,1893,110,180,1.0,Semiurban,1
Female,No,0,Graduate,No,5960,3634,103,84,0.0,Semiurban,0
Female,Yes,0,Graduate,No,8502,1652,217,60,1.0,Rural,1
Female,Yes,0,Graduate,Yes,7896,4141,75,180,1.0,Semiurban,1
Male,No,2,Not Graduate,Yes,4328,3892,385,60,1.0,Rural,0
Female,No,0,Not Graduate,No,4350,599,114,360,0.0,Semiurban,0
Male,No,2,Not Graduate,Yes,4464,4815,149,180,0.0,Urban,0
Male,Yes,3+,Graduate,Yes,6094,1912,123,180,1.0,Rural,1
Male,No,1,Not Graduate,No,8144,1292,241,84,1.0,Semiurban,1
Male,Yes,0,Graduate,Yes,4350,600,220,60,1.0,Urban,1
Female,No,1,Graduate,No,1665,380,322,180,1.0,Urban,1
Female,No,1,Graduate,Yes,2419,4213,426,180,1.0,Urban,0
Male,Yes,3+,Graduate,Yes,9805,3637,236,84,1.0,Rural,1
Male,No,1,Graduate,No,5004,2163,72,84,1.0,Rural,1
Female,Yes,2,Graduate,No,2491,4355,440,60,1.0,Semiurban,0
Male,Yes,1,Not Graduate,Yes,7547,1098,477,360,1.0,Urban,1
Female,No,1,Graduate,No,5339,365,230,360,1.0,Semiurban,1
Male,Yes,1,Not Graduate,Yes,2758,2570,376,120,1.0,Semiurban,0
Male,Yes,0,Not Graduate,Yes,9109,3419,157,180,0.0,Urban,0
Female,No,0,Graduate,No,6304,2476,384,60,1.0,Semiurban,1
Male,Yes,2,Graduate,Yes,1567,790,211,180,1.0,Rural,1
Female,Yes,2,Graduate,Yes,7160,3569,351,60,1.0,Semiurban,1
Male,Yes,0,Not Graduate,No,5978,746,255,60,1.0,Urban,1
Male,No,2,Graduate,No,9710,312,127,60,0.0,Rural,1
Male,Yes,0,Not Graduate,Yes,5021,4633,65,180,1.0,Rural,1
Female,No,3+,Graduate,No,2072,920,376,84,1.0,Semiurban,0
Male,No,1,Graduate,No,8582,1077,145,180,1.0,Semiurban,1
Male,Yes,1,Not Graduate,No,9332,2829,196,60,1.0,Rural,1
Male,Yes,2,Not Graduate,No,6895,2381,51,120,0.0,Semiurban,0
Male,Yes,0,Graduate,Yes,3758,3618,59,360,1.0,Urban,1
Female,No,0,Not Graduate,Yes,7539,797,483,60,1.0,Semiurban,1
Female,Yes,2,Not Graduate,Yes,2150,4443,174,120,1.0,Semiurban,1
Male,Yes,0,Not Graduate,No,7241,272,130,84,1.0,Rural,1
Female,Yes,3+,Not Graduate,No,8338,3010,189,60,0.0,Semiurban,0
Male,Yes,1,Not Graduate,No,4087,4815,375,120,1.0,Semiurban,0
Male,Yes,2,Graduate,No,9376,1773,199,60,0.0,Semiurban,1
Male,No,2,Graduate,No,4762,2547,337,180,1.0,Urban,1
Female,No,0,Not Graduate,No,2838,3164,410,120,1.0,Semiurban,0
Female,Yes,2,Graduate,No,6496,4780,389,180,1.0,Urban,1
Female,Yes,3+,Graduate,Yes,7280,4717,178,180,1.0,Urban,1
Female,Yes,0,Not Graduate,Yes,4327,946,487,120,1.0,Urban,0
Female,Yes,0,Graduate,No,6732,2665,288,360,1.0,Urban,1
Female,No,0,Not Graduate,No,3717,506,107,120,1.0,Rural,1
Female,Yes,0,Not Graduate,No,5039,243,247,360,1.0,Urban,1
Female,No,3+,Graduate,Yes,9345,505,260,60,1.0,Semiurban,1
Female,No,0,Not Graduate,Yes,5883,4517,451,60,1.0,Urban,0
Male,Yes,2,Not Graduate,No,4461,3158,439,120,1.0,Semiurban,0
Female,No,3+,Not Graduate,No,4726,3590,94,60,1.0,Urban,1
Female,No,1,Not Graduate,Yes,8337,1872,146,84,1.0,Rural,1
Female,No,1,Not Graduate,Yes,8531,3793,328,180,0.0,Urban,0
Female,No,2,Graduate,Yes,5216,1192,72,180,1.0,Urban,1
Female,Yes,2,Graduate,Yes,4914,4425,459,360,0.0,Rural,0
Female,Yes,3+,Not Graduate,No,2948,4745,440,60,1.0,Urban,0
Female,No,1,Not Graduate,Yes,2070,1464,384,360,1.0,Semiurban,0
Female,Yes,1,Graduate,Yes,4404,390,93,180,1.0,Urban,1
Female,Yes,1,Not Graduate,No,4005,4476,76,180,1.0,Urban,1
Female,Yes,1,Graduate,Yes,2417,3377,331,60,1.0,Urban,1
Female,Yes,1,Not Graduate,Yes,8482,4837,146,84,1.0,Rural,1
Male,Yes,0,Not Graduate,Yes,8927,4915,85,84,1.0,Urban,1
Male,No,2,Not Graduate,No,7836,672,158,60,1.0,Urban,1
Female,Yes,0,Not Graduate,Yes,3178,2560,104,60,1.0,Semiurban,1
Female,Yes,1,Not Graduate,No,2115,1211,241,360,0.0,Urban,0
Male,Yes,3+,Not Graduate,No,8586,929,268,60,1.0,Urban,1
